org.javaexperiments.ArrayConcWriteReadOps;1;Java;110197
org.javaexperiments.ArrayConcWriteReadOps;2;Java;195936
org.javaexperiments.ArrayConcWriteReadOps;4;Java;396447
org.javaexperiments.ArrayConcWriteReadOps;8;Java;825457
org.javaexperiments.ArrayConcWriteReadOps;12;Java;1153620
org.javaexperiments.ArrayConcWriteReadOps;16;Java;1524912
org.javaexperiments.ArrayConcWriteReadOps;18;Java;1707601
org.javaexperiments.ArrayConcWriteReadOps;22;Java;2235017
org.javaexperiments.ArrayConcWriteReadOps;26;Java;2474797
org.javaexperiments.ArrayConcWriteReadOps;32;Java;2979425
org.javaexperiments.ArrayConcWriteReadOps;36;Java;3548576
